"RK",TIERS,"PLAYER NAME",TEAM,"POS","BYE WEEK","UPSIDE ","BUST ","SOS SEASON","ECR VS. ADP"
"1",1,"Bijan Robinson",ATL,"RB1","11","Coach Upside rating","Coach Bust rating","2 out of 5 stars","+1"
"2",1,"Jahmyr Gibbs",DET,"RB2","6","Coach Upside rating","Coach Bust rating","5 out of 5 stars","-1"
"3",1,"Ja'Marr Chase",CIN,"WR1","6","Coach Upside rating","Coach Bust rating","4 out of 5 stars","0"
"4",1,"Puka Nacua",LAR,"WR2","11","Coach Upside rating","Coach Bust rating","1 out of 5 stars","0"
"5",1,"Jaxon Smith-Njigba",SEA,"WR3","11","Coach Upside rating","Coach Bust rating","3 out of 5 stars","0"
"6",1,"Amon-Ra St. Brown",DET,"WR4","6","Coach Upside rating","Coach Bust rating","4 out of 5 stars","+2"
"7",1,"Christian McCaffrey",SF,"RB3","8","Coach Upside rating","Coach Bust rating","2 out of 5 stars","-1"
"8",2,"Jonathan Taylor",IND,"RB4","13","Coach Upside rating","Coach Bust rating","4 out of 5 stars","-1"
"9",2,"CeeDee Lamb",DAL,"WR5","14","Coach Upside rating","Coach Bust rating","2 out of 5 stars","+2"
"10",2,"Justin Jefferson",MIN,"WR6","6","Coach Upside rating","Coach Bust rating","5 out of 5 stars","-1"
"11",2,"James Cook III",BUF,"RB5","7","Coach Upside rating","Coach Bust rating","2 out of 5 stars","-1"
"12",2,"Ashton Jeanty",LV,"RB6","13","Coach Upside rating","Coach Bust rating","2 out of 5 stars","0"
"13",2,"Drake London",ATL,"WR7","11","Coach Upside rating","Coach Bust rating","3 out of 5 stars","+5"
"14",2,"De'Von Achane",MIA,"RB7","6","Coach Upside rating","Coach Bust rating","3 out of 5 stars","0"
"15",2,"Nico Collins",HOU,"WR8","8","Coach Upside rating","Coach Bust rating","3 out of 5 stars","+8"
"16",3,"Brock Bowers",LV,"TE1","13","Coach Upside rating","Coach Bust rating","3 out of 5 stars","0"
"17",3,"Saquon Barkley",PHI,"RB8","10","Coach Upside rating","Coach Bust rating","4 out of 5 stars","-4"
"18",3,"Chase Brown",CIN,"RB9","6","Coach Upside rating","Coach Bust rating","2 out of 5 stars","-1"
"19",3,"A.J. Brown",NE,"WR9","11","Coach Upside rating","Coach Bust rating","2 out of 5 stars","+2"
"20",3,"George Pickens",DAL,"WR10","14","Coach Upside rating","Coach Bust rating","2 out of 5 stars","+5"
"21",3,"Omarion Hampton",LAC,"RB10","7","Coach Upside rating","Coach Bust rating","3 out of 5 stars","-6"
"22",3,"Trey McBride",ARI,"TE2","14","Coach Upside rating","Coach Bust rating","2 out of 5 stars","-3"
"23",3,"Derrick Henry",BAL,"RB11","13","Coach Upside rating","Coach Bust rating","3 out of 5 stars","-1"
"24",3,"Chris Olave",NO,"WR11","8","Coach Upside rating","Coach Bust rating","3 out of 5 stars","+3"
"25",3,"Kenneth Walker III",KC,"RB12","5","Coach Upside rating","Coach Bust rating","3 out of 5 stars","-5"
"26",3,"Josh Allen",BUF,"QB1","7","Coach Upside rating","Coach Bust rating","3 out of 5 stars","-2"
"27",3,"Rashee Rice",KC,"WR12","5","Coach Upside rating","Coach Bust rating","2 out of 5 stars","+2"
"28",4,"DeVonta Smith",PHI,"WR13","10","Coach Upside rating","Coach Bust rating","4 out of 5 stars","0"
"29",4,"Tetairoa McMillan",CAR,"WR14","5","Coach Upside rating","Coach Bust rating","2 out of 5 stars","+14"
"30",4,"Tee Higgins",CIN,"WR15","6","Coach Upside rating","Coach Bust rating","4 out of 5 stars","+8"
"31",4,"Jeremiyah Love",ARI,"RB13","14","Coach Upside rating","Coach Bust rating","2 out of 5 stars","-5"
"32",4,"Kyren Williams",LAR,"RB14","11","Coach Upside rating","Coach Bust rating","5 out of 5 stars","-2"
"33",4,"Lamar Jackson",BAL,"QB2","13","Coach Upside rating","Coach Bust rating","3 out of 5 stars","+8"
"34",4,"Drake Maye",NE,"QB3","11","Coach Upside rating","Coach Bust rating","2 out of 5 stars","+21"
"35",4,"Zay Flowers",BAL,"WR16","13","Coach Upside rating","Coach Bust rating","4 out of 5 stars","+1"
"36",4,"Malik Nabers",NYG,"WR17","8","Coach Upside rating","Coach Bust rating","4 out of 5 stars","-1"
"37",4,"Breece Hall",NYJ,"RB15","13","Coach Upside rating","Coach Bust rating","3 out of 5 stars","-6"
"38",4,"Josh Jacobs",GB,"RB16","11","Coach Upside rating","Coach Bust rating","4 out of 5 stars","+1"
"39",4,"Colston Loveland",CHI,"TE3","10","Coach Upside rating","Coach Bust rating","2 out of 5 stars","-5"
"40",4,"Garrett Wilson",NYJ,"WR18","13","Coach Upside rating","Coach Bust rating","4 out of 5 stars","+2"
"41",4,"Ladd McConkey",LAC,"WR19","7","Coach Upside rating","Coach Bust rating","2 out of 5 stars","+3"
"42",4,"Javonte Williams",DAL,"RB17","14","Coach Upside rating","Coach Bust rating","4 out of 5 stars","-10"
"43",4,"Emeka Egbuka",TB,"WR20","10","Coach Upside rating","Coach Bust rating","4 out of 5 stars","-6"
"44",4,"Joe Burrow",CIN,"QB4","6","Coach Upside rating","Coach Bust rating","3 out of 5 stars","+5"
"45",4,"Travis Etienne Jr.",NO,"RB18","8","Coach Upside rating","Coach Bust rating","3 out of 5 stars","-12"
"46",4,"Jaylen Waddle",DEN,"WR21","10","Coach Upside rating","Coach Bust rating","2 out of 5 stars","+5"
"47",4,"Terry McLaurin",WAS,"WR22","7","Coach Upside rating","Coach Bust rating","2 out of 5 stars","+9"
"48",4,"Luther Burden III",CHI,"WR23","10","Coach Upside rating","Coach Bust rating","3 out of 5 stars","-3"
"49",5,"Davante Adams",LAR,"WR24","11","Coach Upside rating","Coach Bust rating","1 out of 5 stars","+3"
"50",5,"Jameson Williams",DET,"WR25","6","Coach Upside rating","Coach Bust rating","4 out of 5 stars","+9"
"51",5,"Cam Skattebo",NYG,"RB19","8","Coach Upside rating","Coach Bust rating","4 out of 5 stars","-11"
"52",5,"Mike Evans",SF,"WR26","8","Coach Upside rating","Coach Bust rating","2 out of 5 stars","+5"
"53",5,"Bucky Irving",TB,"RB20","10","Coach Upside rating","Coach Bust rating","2 out of 5 stars","+5"
"54",5,"Quinshon Judkins",CLE,"RB21","11","Coach Upside rating","Coach Bust rating","3 out of 5 stars","-7"
"55",5,"Christian Watson",GB,"WR27","11","Coach Upside rating","Coach Bust rating","5 out of 5 stars","+9"
"56",5,"D'Andre Swift",CHI,"RB22","10","Coach Upside rating","Coach Bust rating","2 out of 5 stars","-3"
"57",5,"TreVeyon Henderson",NE,"RB23","11","Coach Upside rating","Coach Bust rating","2 out of 5 stars","-3"
"58",5,"Jayden Daniels",WAS,"QB5","7","Coach Upside rating","Coach Bust rating","2 out of 5 stars","+3"
"59",5,"Jalen Hurts",PHI,"QB6","10","Coach Upside rating","Coach Bust rating","5 out of 5 stars","+7"
"60",5,"Tyler Warren",IND,"TE4","13","Coach Upside rating","Coach Bust rating","3 out of 5 stars","-10"
"61",5,"DJ Moore",BUF,"WR28","7","Coach Upside rating","Coach Bust rating","4 out of 5 stars","-15"
"62",5,"David Montgomery",HOU,"RB24","8","Coach Upside rating","Coach Bust rating","4 out of 5 stars","-14"
"63",5,"Rome Odunze",CHI,"WR29","10","Coach Upside rating","Coach Bust rating","3 out of 5 stars","0"
"64",5,"Bhayshul Tuten",JAC,"RB25","7","Coach Upside rating","Coach Bust rating","4 out of 5 stars","-4"
"65",5,"Tucker Kraft",GB,"TE5","11","Coach Upside rating","Coach Bust rating","2 out of 5 stars","+3"
"66",6,"Caleb Williams",CHI,"QB7","10","Coach Upside rating","Coach Bust rating","3 out of 5 stars","-1"
"67",6,"Carnell Tate",TEN,"WR30","9","Coach Upside rating","Coach Bust rating","3 out of 5 stars","+2"
"68",6,"Justin Herbert",LAC,"QB8","7","Coach Upside rating","Coach Bust rating","2 out of 5 stars","+15"
"69",6,"Jadarian Price",SEA,"RB26","11","Coach Upside rating","Coach Bust rating","4 out of 5 stars","-7"
"70",6,"Jaylen Warren",PIT,"RB27","9","Coach Upside rating","Coach Bust rating","2 out of 5 stars","+7"
"71",6,"Marvin Harrison Jr.",ARI,"WR31","14","Coach Upside rating","Coach Bust rating","2 out of 5 stars","+1"
"72",6,"Alec Pierce",IND,"WR32","13","Coach Upside rating","Coach Bust rating","4 out of 5 stars","+13"
"73",6,"Trevor Lawrence",JAC,"QB9","7","Coach Upside rating","Coach Bust rating","4 out of 5 stars","+7"
"74",6,"Tony Pollard",TEN,"RB28","9","Coach Upside rating","Coach Bust rating","3 out of 5 stars","0"
"75",6,"Rhamondre Stevenson",NE,"RB29","11","Coach Upside rating","Coach Bust rating","2 out of 5 stars","+1"
"76",6,"Harold Fannin Jr.",CLE,"TE6","11","Coach Upside rating","Coach Bust rating","3 out of 5 stars","-5"
"77",6,"Chuba Hubbard",CAR,"RB30","5","Coach Upside rating","Coach Bust rating","1 out of 5 stars","-4"
"78",6,"DK Metcalf",PIT,"WR33","9","Coach Upside rating","Coach Bust rating","3 out of 5 stars","+8"
"79",6,"Courtland Sutton",DEN,"WR34","10","Coach Upside rating","Coach Bust rating","2 out of 5 stars","+8"
"80",6,"Rico Dowdle",PIT,"RB31","9","Coach Upside rating","Coach Bust rating","2 out of 5 stars","+4"
"81",6,"Brian Thomas Jr.",JAC,"WR35","7","Coach Upside rating","Coach Bust rating","4 out of 5 stars","-14"
"82",6,"Dak Prescott",DAL,"QB10","14","Coach Upside rating","Coach Bust rating","2 out of 5 stars","-12"
"83",6,"Jaxson Dart",NYG,"QB11","8","Coach Upside rating","Coach Bust rating","4 out of 5 stars","+8"
"84",6,"Kyle Pitts Sr.",ATL,"TE7","11","Coach Upside rating","Coach Bust rating","3 out of 5 stars","-9"
"85",6,"Sam LaPorta",DET,"TE8","6","Coach Upside rating","Coach Bust rating","3 out of 5 stars","-6"
"86",6,"Chris Godwin Jr.",TB,"WR36","10","Coach Upside rating","Coach Bust rating","4 out of 5 stars","+7"
"87",6,"Jordyn Tyson",NO,"WR37","8","Coach Upside rating","Coach Bust rating","3 out of 5 stars","-6"
"88",6,"RJ Harvey",DEN,"RB32","10","Coach Upside rating","Coach Bust rating","2 out of 5 stars","-6"
"89",6,"Brock Purdy",SF,"QB12","8","Coach Upside rating","Coach Bust rating","1 out of 5 stars","+9"
"90",6,"Michael Wilson",ARI,"WR38","14","Coach Upside rating–No rating available","Coach Bust rating–No rating available","2 out of 5 stars","-1"
"91",6,"Kyle Monangai",CHI,"RB33","10","Coach Upside rating","Coach Bust rating","2 out of 5 stars","-1"
"92",6,"Parker Washington",JAC,"WR39","7","Coach Upside rating","Coach Bust rating","4 out of 5 stars","-14"
"93",6,"Makai Lemon",PHI,"WR40","10","Coach Upside rating","Coach Bust rating","4 out of 5 stars","+1"
"94",6,"Blake Corum",LAR,"RB34","11","Coach Upside rating","Coach Bust rating","5 out of 5 stars","+5"
"95",7,"J.K. Dobbins",DEN,"RB35","10","Coach Upside rating","Coach Bust rating","2 out of 5 stars","+2"
"96",7,"Jakobi Meyers",JAC,"WR41","7","Coach Upside rating","Coach Bust rating","4 out of 5 stars","+14"
"97",7,"Michael Pittman Jr.",PIT,"WR42","9","Coach Upside rating","Coach Bust rating","3 out of 5 stars","+8"
"98",7,"Patrick Mahomes II",KC,"QB13","5","Coach Upside rating","Coach Bust rating","2 out of 5 stars","-6"
"99",7,"Bo Nix",DEN,"QB14","10","Coach Upside rating","Coach Bust rating","3 out of 5 stars","+5"
"100",7,"Travis Kelce",KC,"TE9","5","Coach Upside rating","Coach Bust rating","4 out of 5 stars","+1"
"101",7,"Kenny Gainwell",TB,"RB36","10","Coach Upside rating","Coach Bust rating","2 out of 5 stars","+2"
"102",7,"Quentin Johnston",LAC,"WR43","7","Coach Upside rating","Coach Bust rating","2 out of 5 stars","-7"
"103",7,"Matthew Stafford",LAR,"QB15","11","Coach Upside rating","Coach Bust rating","3 out of 5 stars","-15"
"104",7,"Ricky Pearsall",SF,"WR44","8","Coach Upside rating","Coach Bust rating","2 out of 5 stars","+8"
"105",7,"Wan'Dale Robinson",TEN,"WR45","9","Coach Upside rating","Coach Bust rating","3 out of 5 stars","+2"
"106",7,"Jordan Addison",MIN,"WR46","6","Coach Upside rating","Coach Bust rating","5 out of 5 stars","+2"
"107",7,"Aaron Jones Sr.",MIN,"RB37","6","Coach Upside rating","Coach Bust rating","4 out of 5 stars","+15"
"108",7,"Dalton Kincaid",BUF,"TE10","7","Coach Upside rating","Coach Bust rating","3 out of 5 stars","+6"
"109",7,"Jared Goff",DET,"QB16","6","Coach Upside rating","Coach Bust rating","5 out of 5 stars","-7"
"110",7,"Rachaad White",WAS,"RB38","7","Coach Upside rating","Coach Bust rating","4 out of 5 stars","+3"
"111",7,"Jayden Reed",GB,"WR47","11","Coach Upside rating","Coach Bust rating","5 out of 5 stars","-11"
"112",7,"Kyler Murray",MIN,"QB17","6","Coach Upside rating","Coach Bust rating","5 out of 5 stars","+3"
"113",7,"Josh Downs",IND,"WR48","13","Coach Upside rating","Coach Bust rating","4 out of 5 stars","-2"
"114",7,"George Kittle",SF,"TE11","8","Coach Upside rating","Coach Bust rating","3 out of 5 stars","-18"
"115",7,"Jake Ferguson",DAL,"TE12","14","Coach Upside rating","Coach Bust rating","2 out of 5 stars","+3"
"116",7,"Jacory Croskey-Merritt",WAS,"RB39","7","Coach Upside rating","Coach Bust rating","4 out of 5 stars","+10"
"117",7,"Isaiah Likely",NYG,"TE13","8","Coach Upside rating","Coach Bust rating","3 out of 5 stars","-8"
"118",7,"Dallas Goedert",PHI,"TE14","10","Coach Upside rating","Coach Bust rating","4 out of 5 stars","-1"
"119",7,"Jordan Love",GB,"QB18","11","Coach Upside rating","Coach Bust rating","4 out of 5 stars","+1"
"120",7,"Jordan Mason",MIN,"RB40","6","Coach Upside rating","Coach Bust rating","4 out of 5 stars","-1"
"121",7,"Baker Mayfield",TB,"QB19","10","Coach Upside rating","Coach Bust rating","2 out of 5 stars","+3"
"122",7,"Xavier Worthy",KC,"WR49","5","Coach Upside rating","Coach Bust rating","2 out of 5 stars","-6"
"123",7,"Jayden Higgins",HOU,"WR50","8","Coach Upside rating","Coach Bust rating","3 out of 5 stars","+10"
"124",7,"Tyrone Tracy Jr.",NYG,"RB41","8","Coach Upside rating","Coach Bust rating","4 out of 5 stars","+5"
"125",7,"Tyler Shough",NO,"QB20","8","Coach Upside rating","Coach Bust rating","3 out of 5 stars","-2"
"126",7,"Khalil Shakir",BUF,"WR51","7","Coach Upside rating","Coach Bust rating","4 out of 5 stars","+5"
"127",8,"Malik Willis",MIA,"QB21","6","Coach Upside rating","Coach Bust rating","3 out of 5 stars","+3"
"128",8,"Mark Andrews",BAL,"TE15","13","Coach Upside rating","Coach Bust rating","4 out of 5 stars","-7"
"129",8,"Chris Rodriguez Jr.",JAC,"RB42","7","Coach Upside rating","Coach Bust rating","4 out of 5 stars","+6"
"130",8,"Romeo Doubs",NE,"WR52","11","Coach Upside rating","Coach Bust rating","2 out of 5 stars","-3"
"131",8,"Tyler Allgeier",ARI,"RB43","14","Coach Upside rating","Coach Bust rating","2 out of 5 stars","+23"
"132",8,"Jonathon Brooks",CAR,"RB44","5","Coach Upside rating","Coach Bust rating","1 out of 5 stars","-26"
"133",8,"Zach Charbonnet",SEA,"RB45","11","Coach Upside rating","Coach Bust rating","4 out of 5 stars","+11"
"134",8,"KC Concepcion",CLE,"WR53","11","Coach Upside rating","Coach Bust rating","3 out of 5 stars","-6"
"135",8,"Woody Marks",HOU,"RB46","8","Coach Upside rating","Coach Bust rating","4 out of 5 stars","+3"
"136",8,"Jalen Coker",CAR,"WR54","5","Coach Upside rating","Coach Bust rating","2 out of 5 stars","+1"
"137",8,"Matthew Golden",GB,"WR55","11","Coach Upside rating","Coach Bust rating","5 out of 5 stars","-12"
"138",8,"Juwan Johnson",NO,"TE16","8","Coach Upside rating","Coach Bust rating","2 out of 5 stars","+3"
"139",8,"Isiah Pacheco",DET,"RB47","6","Coach Upside rating","Coach Bust rating","5 out of 5 stars","+3"
"140",8,"Tyjae Spears",TEN,"RB48","9","Coach Upside rating","Coach Bust rating","3 out of 5 stars","+11"
"141",8,"Dylan Sampson",CLE,"RB49","11","Coach Upside rating","Coach Bust rating","3 out of 5 stars","+24"
"142",8,"Sam Darnold",SEA,"QB22","11","Coach Upside rating","Coach Bust rating","4 out of 5 stars","-10"
"143",8,"C.J. Stroud",HOU,"QB23","8","Coach Upside rating","Coach Bust rating","4 out of 5 stars","-3"
"144",8,"Oronde Gadsden II",LAC,"TE17","7","Coach Upside rating","Coach Bust rating","4 out of 5 stars","-1"
"145",8,"Brenton Strange",JAC,"TE18","7","Coach Upside rating","Coach Bust rating","3 out of 5 stars","-6"
"146",8,"Hunter Henry",NE,"TE19","11","Coach Upside rating","Coach Bust rating","4 out of 5 stars","0"
"147",8,"Alvin Kamara",NO,"RB50","8","Coach Upside rating","Coach Bust rating","3 out of 5 stars","+14"
"148",8,"Rashid Shaheed",SEA,"WR56","11","Coach Upside rating","Coach Bust rating","3 out of 5 stars","-14"
"149",8,"Cam Ward",TEN,"QB24","9","Coach Upside rating","Coach Bust rating","3 out of 5 stars","-2"
"150",8,"Brian Robinson Jr.",ATL,"RB51","11","Coach Upside rating","Coach Bust rating","2 out of 5 stars","+12"
"151",8,"Keaton Mitchell",LAC,"RB52","7","Coach Upside rating","Coach Bust rating","3 out of 5 stars","-3"
"152",8,"Jauan Jennings",MIN,"WR57","6","Coach Upside rating","Coach Bust rating","5 out of 5 stars","+7"
"153",8,"Tank Bigsby",PHI,"RB53","10","Coach Upside rating","Coach Bust rating","4 out of 5 stars","+13"
"154",8,"Jerry Jeudy",CLE,"WR58","11","Coach Upside rating","Coach Bust rating","3 out of 5 stars","+17"
"155",8,"Jonah Coleman",DEN,"RB54","10","Coach Upside rating","Coach Bust rating","2 out of 5 stars","+1"
"156",8,"Omar Cooper Jr.",NYJ,"WR59","13","Coach Upside rating","Coach Bust rating","4 out of 5 stars","+2"
"157",8,"Daniel Jones",IND,"QB25","13","Coach Upside rating","Coach Bust rating","4 out of 5 stars","-8"
"158",8,"Denzel Boston",CLE,"WR60","11","Coach Upside rating","Coach Bust rating","3 out of 5 stars","+2"
"159",8,"Chig Okonkwo",WAS,"TE20","7","Coach Upside rating","Coach Bust rating","1 out of 5 stars","-23"
"160",8,"Bryce Young",CAR,"QB26","5","Coach Upside rating","Coach Bust rating","2 out of 5 stars","-3"
"161",8,"Braelon Allen",NYJ,"RB55","13","Coach Upside rating","Coach Bust rating","3 out of 5 stars","+34"
"162",8,"Jalen McMillan",TB,"WR61","10","Coach Upside rating","Coach Bust rating","4 out of 5 stars","-10"
"163",8,"Dalton Schultz",HOU,"TE21","8","Coach Upside rating","Coach Bust rating","4 out of 5 stars","0"
"164",8,"Travis Hunter",JAC,"WR62","7","Coach Upside rating","Coach Bust rating","4 out of 5 stars","+39"
"165",8,"Adonai Mitchell",NYJ,"WR63","13","Coach Upside rating","Coach Bust rating","4 out of 5 stars","+24"
"166",9,"James Conner",ARI,"RB56","14","Coach Upside rating","Coach Bust rating","2 out of 5 stars","+58"
"167",9,"Emanuel Wilson",SEA,"RB57","11","Coach Upside rating","Coach Bust rating","4 out of 5 stars","+38"
"168",9,"Kayshon Boutte",NE,"WR64","11","Coach Upside rating","Coach Bust rating","2 out of 5 stars","+30"
"169",9,"Tre' Harris",LAC,"WR65","7","Coach Upside rating","Coach Bust rating","2 out of 5 stars","+14"
"170",9,"Tre Tucker",LV,"WR66","13","Coach Upside rating","Coach Bust rating","2 out of 5 stars","-3"
"171",9,"Stefon Diggs",FA,"WR67","-","Coach Upside rating","Coach Bust rating","-","-26"
"172",9,"Houston Texans",HOU,"DST1","8","Coach Upside rating–No rating available","Coach Bust rating–No rating available","2 out of 5 stars","-"
"173",9,"Troy Franklin",DEN,"WR68","10","Coach Upside rating","Coach Bust rating","2 out of 5 stars","+61"
"174",9,"Ryan Flournoy",DAL,"WR69","14","Coach Upside rating","Coach Bust rating","2 out of 5 stars","+14"
"175",9,"Kimani Vidal",LAC,"RB58","7","Coach Upside rating–No rating available","Coach Bust rating–No rating available","3 out of 5 stars","+32"
"176",9,"Kenyon Sadiq",NYJ,"TE22","13","Coach Upside rating","Coach Bust rating","4 out of 5 stars","-26"
"177",9,"T.J. Hockenson",MIN,"TE23","6","Coach Upside rating","Coach Bust rating","4 out of 5 stars","-24"
"178",9,"AJ Barner",SEA,"TE24","11","Coach Upside rating","Coach Bust rating","3 out of 5 stars","-3"
"179",9,"Deebo Samuel Sr.",FA,"WR70","-","Coach Upside rating–No rating available","Coach Bust rating–No rating available","-","-9"
"180",9,"Denver Broncos",DEN,"DST2","10","Coach Upside rating–No rating available","Coach Bust rating–No rating available","4 out of 5 stars","-"
"181",9,"Sean Tucker",TB,"RB59","10","Coach Upside rating","Coach Bust rating","2 out of 5 stars","0"
"182",9,"Calvin Ridley",TEN,"WR71","9","Coach Upside rating","Coach Bust rating","3 out of 5 stars","-6"
"183",9,"Isaac TeSlaa",DET,"WR72","6","Coach Upside rating","Coach Bust rating","4 out of 5 stars","-5"
"184",9,"Seattle Seahawks",SEA,"DST3","11","Coach Upside rating–No rating available","Coach Bust rating–No rating available","2 out of 5 stars","-"
"185",9,"Emmett Johnson",KC,"RB60","5","Coach Upside rating","Coach Bust rating","3 out of 5 stars","+2"
"186",9,"Los Angeles Rams",LAR,"DST4","11","Coach Upside rating–No rating available","Coach Bust rating–No rating available","2 out of 5 stars","-"
"187",9,"Philadelphia Eagles",PHI,"DST5","10","Coach Upside rating–No rating available","Coach Bust rating–No rating available","0 out of 5 stars","-"
"188",9,"Ray Davis",BUF,"RB61","7","Coach Upside rating–No rating available","Coach Bust rating–No rating available","2 out of 5 stars","+12"
"189",9,"Mike Washington Jr.",LV,"RB62","13","Coach Upside rating","Coach Bust rating","2 out of 5 stars","+1"
"190",9,"Jaylin Noel",HOU,"WR73","8","Coach Upside rating","Coach Bust rating","3 out of 5 stars","+47"
"191",9,"Brandon Aiyuk",SF,"WR74","8","Coach Upside rating","Coach Bust rating","2 out of 5 stars","-7"
"192",9,"Jacksonville Jaguars",JAC,"DST6","7","Coach Upside rating–No rating available","Coach Bust rating–No rating available","3 out of 5 stars","-"
"193",9,"Pittsburgh Steelers",PIT,"DST7","9","Coach Upside rating–No rating available","Coach Bust rating–No rating available","5 out of 5 stars","-"
"194",9,"Jacoby Brissett",ARI,"QB27","14","Coach Upside rating","Coach Bust rating","2 out of 5 stars","-25"
"195",9,"Minnesota Vikings",MIN,"DST8","6","Coach Upside rating–No rating available","Coach Bust rating–No rating available","1 out of 5 stars","-"
"196",9,"Brandon Aubrey",DAL,"K1","14","Coach Upside rating","Coach Bust rating","2 out of 5 stars","-"
"197",9,"New England Patriots",NE,"DST9","11","Coach Upside rating–No rating available","Coach Bust rating–No rating available","3 out of 5 stars","-"
"198",9,"Ka'imi Fairbairn",HOU,"K2","8","Coach Upside rating","Coach Bust rating","2 out of 5 stars","-"
"199",9,"Darnell Mooney",NYG,"WR75","8","Coach Upside rating","Coach Bust rating","4 out of 5 stars","+18"
"200",9,"Pat Bryant",DEN,"WR76","10","Coach Upside rating–No rating available","Coach Bust rating–No rating available","2 out of 5 stars","+32"
"201",9,"Cameron Dicker",LAC,"K3","7","Coach Upside rating–No rating available","Coach Bust rating–No rating available","2 out of 5 stars","-"
"202",9,"Gunnar Helm",TEN,"TE25","9","Coach Upside rating–No rating available","Coach Bust rating–No rating available","3 out of 5 stars","-25"
"203",9,"Nicholas Singleton",TEN,"RB63","9","Coach Upside rating","Coach Bust rating","3 out of 5 stars","-18"
"204",9,"Jalen Nailor",LV,"WR77","13","Coach Upside rating–No rating available","Coach Bust rating–No rating available","2 out of 5 stars","-49"
"205",9,"Cam Little",JAC,"K4","7","Coach Upside rating–No rating available","Coach Bust rating–No rating available","4 out of 5 stars","-"
"206",9,"Los Angeles Chargers",LAC,"DST10","7","Coach Upside rating–No rating available","Coach Bust rating–No rating available","3 out of 5 stars","-"
"207",9,"Jason Myers",SEA,"K5","11","Coach Upside rating–No rating available","Coach Bust rating–No rating available","4 out of 5 stars","-"
"208",9,"De'Zhaun Stribling",SF,"WR78","8","Coach Upside rating","Coach Bust rating","2 out of 5 stars","-16"
"209",10,"Malik Washington",MIA,"WR79","6","Coach Upside rating–No rating available","Coach Bust rating–No rating available","3 out of 5 stars","-29"
"210",10,"Chimere Dike",TEN,"WR80","9","Coach Upside rating","Coach Bust rating","3 out of 5 stars","+48"
"211",10,"Jaylen Wright",MIA,"RB64","6","Coach Upside rating–No rating available","Coach Bust rating–No rating available","3 out of 5 stars","+19"
"212",10,"David Njoku",LAC,"TE26","7","Coach Upside rating–No rating available","Coach Bust rating–No rating available","4 out of 5 stars","-30"
"213",10,"Terrance Ferguson",LAR,"TE27","11","Coach Upside rating–No rating available","Coach Bust rating–No rating available","4 out of 5 stars","-12"
"214",10,"Kaytron Allen",WAS,"RB65","7","Coach Upside rating","Coach Bust rating","4 out of 5 stars","-17"
"215",10,"Antonio Williams",WAS,"WR81","7","Coach Upside rating","Coach Bust rating","2 out of 5 stars","-43"
"216",10,"Eddy Pineiro",SF,"K6","8","Coach Upside rating–No rating available","Coach Bust rating–No rating available","5 out of 5 stars","-"
"217",10,"Green Bay Packers",GB,"DST11","11","Coach Upside rating–No rating available","Coach Bust rating–No rating available","2 out of 5 stars","-"
"218",10,"Tyler Loop",BAL,"K7","13","Coach Upside rating–No rating available","Coach Bust rating–No rating available","3 out of 5 stars","-"
"219",10,"Pat Freiermuth",PIT,"TE28","9","Coach Upside rating–No rating available","Coach Bust rating–No rating available","2 out of 5 stars","-25"
"220",10,"Baltimore Ravens",BAL,"DST12","13","Coach Upside rating–No rating available","Coach Bust rating–No rating available","5 out of 5 stars","-"
"221",10,"Kansas City Chiefs",KC,"DST13","5","Coach Upside rating–No rating available","Coach Bust rating–No rating available","3 out of 5 stars","-"
"222",10,"Dontayvion Wicks",PHI,"WR82","10","Coach Upside rating–No rating available","Coach Bust rating–No rating available","4 out of 5 stars","-11"
"223",10,"Cade Otton",TB,"TE29","10","Coach Upside rating–No rating available","Coach Bust rating–No rating available","2 out of 5 stars","-44"
"224",10,"Ollie Gordon II",MIA,"RB66","6","Coach Upside rating–No rating available","Coach Bust rating–No rating available","3 out of 5 stars","+42"
"225",10,"Tank Dell",HOU,"WR83","8","Coach Upside rating–No rating available","Coach Bust rating–No rating available","3 out of 5 stars","-29"
"226",10,"Evan McPherson",CIN,"K8","6","Coach Upside rating–No rating available","Coach Bust rating–No rating available","2 out of 5 stars","-"
"227",10,"Cairo Santos",CHI,"K9","10","Coach Upside rating–No rating available","Coach Bust rating–No rating available","0 out of 5 stars","-"
"228",10,"Ted Hurst III",TB,"WR84","10","Coach Upside rating","Coach Bust rating","4 out of 5 stars","-7"
"229",10,"Cleveland Browns",CLE,"DST14","11","Coach Upside rating–No rating available","Coach Bust rating–No rating available","5 out of 5 stars","-"
"230",10,"Rashod Bateman",BAL,"WR85","13","Coach Upside rating–No rating available","Coach Bust rating–No rating available","4 out of 5 stars","+15"
"231",10,"Andy Borregales",NE,"K10","11","Coach Upside rating–No rating available","Coach Bust rating–No rating available","1 out of 5 stars","-"
"232",10,"Cooper Kupp",SEA,"WR86","11","Coach Upside rating–No rating available","Coach Bust rating–No rating available","3 out of 5 stars","-16"
"233",10,"Detroit Lions",DET,"DST15","6","Coach Upside rating–No rating available","Coach Bust rating–No rating available","5 out of 5 stars","-"
"234",10,"Geno Smith",NYJ,"QB28","13","Coach Upside rating–No rating available","Coach Bust rating–No rating available","4 out of 5 stars","-60"
"235",10,"Tyreek Hill",FA,"WR87","-","Coach Upside rating–No rating available","Coach Bust rating–No rating available","-","-49"
"236",10,"MarShawn Lloyd",GB,"RB67","11","Coach Upside rating–No rating available","Coach Bust rating–No rating available","4 out of 5 stars","-32"
"237",10,"Elic Ayomanor",TEN,"WR88","9","Coach Upside rating–No rating available","Coach Bust rating–No rating available","3 out of 5 stars","+41"
"238",10,"Aaron Rodgers",PIT,"QB29","9","Coach Upside rating–No rating available","Coach Bust rating–No rating available","2 out of 5 stars","-74"
"239",10,"Jake Bates",DET,"K11","6","Coach Upside rating–No rating available","Coach Bust rating–No rating available","5 out of 5 stars","-"
"240",10,"Germie Bernard",PIT,"WR89","9","Coach Upside rating","Coach Bust rating","3 out of 5 stars","-38"
"241",10,"Buffalo Bills",BUF,"DST16","7","Coach Upside rating–No rating available","Coach Bust rating–No rating available","3 out of 5 stars","-"
"242",10,"Colby Parkinson",LAR,"TE30","11","Coach Upside rating–No rating available","Coach Bust rating–No rating available","4 out of 5 stars","-23"
"243",10,"Chase McLaughlin",TB,"K12","10","Coach Upside rating–No rating available","Coach Bust rating–No rating available","3 out of 5 stars","-"
"244",10,"Zachariah Branch",ATL,"WR90","11","Coach Upside rating","Coach Bust rating","3 out of 5 stars","-53"
"245",10,"Justice Hill",BAL,"RB68","13","Coach Upside rating–No rating available","Coach Bust rating–No rating available","3 out of 5 stars","-36"
"246",10,"Fernando Mendoza",LV,"QB30","13","Coach Upside rating","Coach Bust rating","1 out of 5 stars","-78"
"247",10,"Keon Coleman",BUF,"WR91","7","Coach Upside rating–No rating available","Coach Bust rating–No rating available","4 out of 5 stars","-29"
"248",10,"Harrison Mevis",LAR,"K13","11","Coach Upside rating–No rating available","Coach Bust rating–No rating available","2 out of 5 stars","-"
"249",10,"Jack Bech",LV,"WR92","13","Coach Upside rating–No rating available","Coach Bust rating–No rating available","2 out of 5 stars","-1"
"250",10,"Christian Kirk",SF,"WR93","8","Coach Upside rating–No rating available","Coach Bust rating–No rating available","2 out of 5 stars","-38"
"251",10,"Chris Boswell",PIT,"K14","9","Coach Upside rating–No rating available","Coach Bust rating–No rating available","4 out of 5 stars","-"
"252",10,"Elijah Sarratt",BAL,"WR94","13","Coach Upside rating","Coach Bust rating","4 out of 5 stars","-16"
"253",10,"Harrison Butker",KC,"K15","5","Coach Upside rating–No rating available","Coach Bust rating–No rating available","5 out of 5 stars","-"
"254",10,"Devin Neal",NO,"RB69","8","Coach Upside rating–No rating available","Coach Bust rating–No rating available","3 out of 5 stars","+28"
"255",10,"Malik Davis",DAL,"RB70","14","Coach Upside rating–No rating available","Coach Bust rating–No rating available","4 out of 5 stars","+17"
"256",10,"Evan Engram",DEN,"TE31","10","Coach Upside rating–No rating available","Coach Bust rating–No rating available","4 out of 5 stars","-29"
"257",10,"Eli Stowers",PHI,"TE32","10","Coach Upside rating","Coach Bust rating","4 out of 5 stars","-58"
"258",10,"Kaleb Johnson",PIT,"RB71","9","Coach Upside rating–No rating available","Coach Bust rating–No rating available","2 out of 5 stars","+12"
"259",10,"Tory Horton",SEA,"WR95","11","Coach Upside rating–No rating available","Coach Bust rating–No rating available","3 out of 5 stars","-18"
"260",10,"Jordan James",SF,"RB72","8","Coach Upside rating–No rating available","Coach Bust rating–No rating available","2 out of 5 stars","-54"
"261",10,"Chris Bell",MIA,"WR96","6","Coach Upside rating","Coach Bust rating","3 out of 5 stars","-47"
"262",10,"Seth McGowan",IND,"RB73","13","Coach Upside rating","Coach Bust rating","4 out of 5 stars","+60"
"263",10,"Chris Brooks",GB,"RB74","11","Coach Upside rating–No rating available","Coach Bust rating–No rating available","4 out of 5 stars","-11"
"264",10,"Jaydon Blue",DAL,"RB75","14","Coach Upside rating–No rating available","Coach Bust rating–No rating available","4 out of 5 stars","-54"
"265",10,"Trey Benson",ARI,"RB76","14","Coach Upside rating–No rating available","Coach Bust rating–No rating available","2 out of 5 stars","+48"
"266",10,"Malachi Fields",NYG,"WR97","8","Coach Upside rating","Coach Bust rating","4 out of 5 stars","-58"
"267",10,"Ty Johnson",BUF,"RB77","7","Coach Upside rating–No rating available","Coach Bust rating–No rating available","2 out of 5 stars","-28"
"268",10,"DJ Giddens",IND,"RB78","13","Coach Upside rating–No rating available","Coach Bust rating–No rating available","4 out of 5 stars","-22"
"269",10,"Demond Claiborne",MIN,"RB79","6","Coach Upside rating","Coach Bust rating","4 out of 5 stars","-44"
"270",11,"Tyquan Thornton",KC,"WR98","5","Coach Upside rating–No rating available","Coach Bust rating–No rating available","2 out of 5 stars","-44"
"271",11,"Michael Penix Jr.",ATL,"QB31","11","Coach Upside rating–No rating available","Coach Bust rating–No rating available","4 out of 5 stars","-49"
"272",11,"George Holani",SEA,"RB80","11","Coach Upside rating–No rating available","Coach Bust rating–No rating available","4 out of 5 stars","-49"
"273",11,"Marvin Mims Jr.",DEN,"WR99","10","Coach Upside rating–No rating available","Coach Bust rating–No rating available","2 out of 5 stars","+13"
"274",11,"Samaje Perine",CIN,"RB81","6","Coach Upside rating–No rating available","Coach Bust rating–No rating available","2 out of 5 stars","-43"
"275",11,"Theo Johnson",NYG,"TE33","8","Coach Upside rating–No rating available","Coach Bust rating–No rating available","3 out of 5 stars","-32"
"276",11,"Chris Brazzell II",CAR,"WR100","5","Coach Upside rating","Coach Bust rating","2 out of 5 stars","-47"
"277",11,"Tua Tagovailoa",ATL,"QB32","11","Coach Upside rating–No rating available","Coach Bust rating–No rating available","4 out of 5 stars","-84"
"278",11,"Isaiah Davis",NYJ,"RB82","13","Coach Upside rating–No rating available","Coach Bust rating–No rating available","3 out of 5 stars","+42"
"279",11,"Mason Taylor",NYJ,"TE34","13","Coach Upside rating–No rating available","Coach Bust rating–No rating available","4 out of 5 stars","-19"
"280",11,"Oscar Delp",NO,"TE35","8","Coach Upside rating","Coach Bust rating","2 out of 5 stars","0"
"281",11,"Atlanta Falcons",ATL,"DST17","11","Coach Upside rating–No rating available","Coach Bust rating–No rating available","4 out of 5 stars","-"
"282",11,"Kendre Miller",NO,"RB83","8","Coach Upside rating–No rating available","Coach Bust rating–No rating available","3 out of 5 stars","-"
"283",11,"Darius Slayton",NYG,"WR101","8","Coach Upside rating–No rating available","Coach Bust rating–No rating available","4 out of 5 stars","-12"
"284",11,"Wil Lutz",DEN,"K16","10","Coach Upside rating–No rating available","Coach Bust rating–No rating available","1 out of 5 stars","-"
"285",11,"Will Reichard",MIN,"K17","6","Coach Upside rating–No rating available","Coach Bust rating–No rating available","2 out of 5 stars","-"
"286",11,"LeQuint Allen Jr.",JAC,"RB84","7","Coach Upside rating–No rating available","Coach Bust rating–No rating available","4 out of 5 stars","-18"
"287",11,"Greg Dulcich",MIA,"TE36","6","Coach Upside rating–No rating available","Coach Bust rating–No rating available","5 out of 5 stars","-114"
"288",11,"Xavier Legette",CAR,"WR102","5","Coach Upside rating–No rating available","Coach Bust rating–No rating available","2 out of 5 stars","0"
"289",11,"Devaughn Vele",NO,"WR103","8","Coach Upside rating–No rating available","Coach Bust rating–No rating available","3 out of 5 stars","-49"
"290",11,"Kyle Williams",NE,"WR104","11","Coach Upside rating–No rating available","Coach Bust rating–No rating available","2 out of 5 stars","-3"
"291",11,"Najee Harris",LAC,"RB85","7","Coach Upside rating–No rating available","Coach Bust rating–No rating available","3 out of 5 stars","-12"
"292",11,"Mack Hollins",NE,"WR105","11","Coach Upside rating–No rating available","Coach Bust rating–No rating available","2 out of 5 stars","+41"
"293",11,"Brashard Smith",KC,"RB86","5","Coach Upside rating–No rating available","Coach Bust rating–No rating available","3 out of 5 stars","+61"
"294",11,"Emari Demercado",KC,"RB87","5","Coach Upside rating–No rating available","Coach Bust rating–No rating available","3 out of 5 stars","-33"
"295",11,"Keenan Allen",LAC,"WR106","7","Coach Upside rating–No rating available","Coach Bust rating–No rating available","2 out of 5 stars","-53"
"296",11,"Devin Singletary",NYG,"RB88","8","Coach Upside rating–No rating available","Coach Bust rating–No rating available","4 out of 5 stars","-42"
"297",11,"Hollywood Brown",PHI,"WR107","10","Coach Upside rating–No rating available","Coach Bust rating–No rating available","4 out of 5 stars","-33"
"298",11,"Jerome Ford",WAS,"RB89","7","Coach Upside rating–No rating available","Coach Bust rating–No rating available","4 out of 5 stars","+38"
"299",11,"Shedeur Sanders",CLE,"QB33","11","Coach Upside rating–No rating available","Coach Bust rating–No rating available","4 out of 5 stars","-86"
"300",11,"San Francisco 49ers",SF,"DST18","8","Coach Upside rating–No rating available","Coach Bust rating–No rating available","3 out of 5 stars","-"
"301",11,"Kaelon Black",SF,"RB90","8","Coach Upside rating","Coach Bust rating","2 out of 5 stars","-68"
"302",11,"Indianapolis Colts",IND,"DST19","13","Coach Upside rating–No rating available","Coach Bust rating–No rating available","5 out of 5 stars","-"
"303",11,"Adam Randall",BAL,"RB91","13","Coach Upside rating","Coach Bust rating","3 out of 5 stars","-46"
"304",11,"Kirk Cousins",LV,"QB34","13","Coach Upside rating–No rating available","Coach Bust rating–No rating available","1 out of 5 stars","-69"
"305",11,"Mike Gesicki",CIN,"TE37","6","Coach Upside rating–No rating available","Coach Bust rating–No rating available","3 out of 5 stars","-85"
"306",11,"Deshaun Watson",CLE,"QB35","11","Coach Upside rating–No rating available","Coach Bust rating–No rating available","4 out of 5 stars","-91"
"307",11,"Charlie Smyth",NO,"K18","8","Coach Upside rating–No rating available","Coach Bust rating–No rating available","5 out of 5 stars","-"
"308",11,"Isaac Guerendo",SF,"RB92","8","Coach Upside rating–No rating available","Coach Bust rating–No rating available","2 out of 5 stars","+44"
"309",11,"Jaleel McLaughlin",DEN,"RB93","10","Coach Upside rating–No rating available","Coach Bust rating–No rating available","2 out of 5 stars","-"
"310",11,"Isaiah Bond",CLE,"WR108","11","Coach Upside rating–No rating available","Coach Bust rating–No rating available","3 out of 5 stars","-20"
"311",11,"Trevor Etienne",CAR,"RB94","5","Coach Upside rating–No rating available","Coach Bust rating–No rating available","1 out of 5 stars","+30"
"312",11,"Skyler Bell",BUF,"WR109","7","Coach Upside rating","Coach Bust rating","4 out of 5 stars","-68"
"313",11,"Tahj Brooks",CIN,"RB95","6","Coach Upside rating–No rating available","Coach Bust rating–No rating available","2 out of 5 stars","-22"
"314",11,"Jake Tonges",SF,"TE38","8","Coach Upside rating–No rating available","Coach Bust rating–No rating available","3 out of 5 stars","-86"
"315",11,"Joe Mixon",FA,"RB96","-","Coach Upside rating–No rating available","Coach Bust rating–No rating available","-","-62"
"316",11,"Ja'Kobi Lane",BAL,"WR110","13","Coach Upside rating","Coach Bust rating","4 out of 5 stars","-69"
"317",11,"Jarquez Hunter",LAR,"RB97","11","Coach Upside rating–No rating available","Coach Bust rating–No rating available","5 out of 5 stars","+82"
"318",11,"Audric Estime",NO,"RB98","8","Coach Upside rating–No rating available","Coach Bust rating–No rating available","3 out of 5 stars","+70"
"319",12,"Andrei Iosivas",CIN,"WR111","6","Coach Upside rating–No rating available","Coach Bust rating–No rating available","4 out of 5 stars","-57"
"320",12,"Kareem Hunt",FA,"RB99","-","Coach Upside rating–No rating available","Coach Bust rating–No rating available","-","-51"
"321",12,"New Orleans Saints",NO,"DST20","8","Coach Upside rating–No rating available","Coach Bust rating–No rating available","5 out of 5 stars","-"
"322",12,"Chicago Bears",CHI,"DST21","10","Coach Upside rating–No rating available","Coach Bust rating–No rating available","2 out of 5 stars","-"
"323",12,"Darnell Washington",PIT,"TE39","9","Coach Upside rating–No rating available","Coach Bust rating–No rating available","2 out of 5 stars","-67"
"324",12,"Cedric Tillman",CLE,"WR112","11","Coach Upside rating–No rating available","Coach Bust rating–No rating available","3 out of 5 stars","+78"
"325",12,"Jalen Royals",KC,"WR113","5","Coach Upside rating–No rating available","Coach Bust rating–No rating available","2 out of 5 stars","-31"
"326",12,"J.J. McCarthy",MIN,"QB36","6","Coach Upside rating–No rating available","Coach Bust rating–No rating available","5 out of 5 stars","-59"
"327",12,"Konata Mumpfield",LAR,"WR114","11","Coach Upside rating–No rating available","Coach Bust rating–No rating available","1 out of 5 stars","-6"
"328",12,"Will Shipley",PHI,"RB100","10","Coach Upside rating–No rating available","Coach Bust rating–No rating available","4 out of 5 stars","-"
"329",12,"Calvin Austin III",NYG,"WR115","8","Coach Upside rating–No rating available","Coach Bust rating–No rating available","4 out of 5 stars","-17"
"330",12,"Tez Johnson",TB,"WR116","10","Coach Upside rating–No rating available","Coach Bust rating–No rating available","4 out of 5 stars","-41"
"331",12,"Jahan Dotson",ATL,"WR117","11","Coach Upside rating–No rating available","Coach Bust rating–No rating available","3 out of 5 stars","-54"
"332",12,"Max Klare",LAR,"TE40","11","Coach Upside rating","Coach Bust rating","4 out of 5 stars","+3"
"333",12,"Luke McCaffrey",WAS,"WR118","7","Coach Upside rating–No rating available","Coach Bust rating–No rating available","2 out of 5 stars","+23"
"334",12,"Bam Knight",ARI,"RB101","14","Coach Upside rating–No rating available","Coach Bust rating–No rating available","2 out of 5 stars","-"
"335",12,"Caleb Douglas",MIA,"WR119","6","Coach Upside rating","Coach Bust rating","3 out of 5 stars","-86"
"336",12,"Jalen Tolbert",MIA,"WR120","6","Coach Upside rating–No rating available","Coach Bust rating–No rating available","3 out of 5 stars","-86"
"337",12,"J'Mari Taylor",JAC,"RB102","7","Coach Upside rating","Coach Bust rating","4 out of 5 stars","-14"
"338",12,"Olamide Zaccheaus",ATL,"WR121","11","Coach Upside rating–No rating available","Coach Bust rating–No rating available","3 out of 5 stars","-7"
"339",12,"Mac Jones",SF,"QB37","8","Coach Upside rating–No rating available","Coach Bust rating–No rating available","1 out of 5 stars","-37"
"340",12,"Tyler Higbee",LAR,"TE41","11","Coach Upside rating–No rating available","Coach Bust rating–No rating available","4 out of 5 stars","+37"
"341",12,"Elijah Arroyo",SEA,"TE42","11","Coach Upside rating–No rating available","Coach Bust rating–No rating available","3 out of 5 stars","-66"
"342",12,"Noah Gray",KC,"TE43","5","Coach Upside rating–No rating available","Coach Bust rating–No rating available","4 out of 5 stars","-23"
"343",12,"Dont'e Thornton Jr.",LV,"WR122","13","Coach Upside rating–No rating available","Coach Bust rating–No rating available","2 out of 5 stars","+5"
"344",12,"Cole Kmet",CHI,"TE44","10","Coach Upside rating–No rating available","Coach Bust rating–No rating available","2 out of 5 stars","-61"
"345",12,"Carolina Panthers",CAR,"DST22","5","Coach Upside rating–No rating available","Coach Bust rating–No rating available","3 out of 5 stars","-"
"346",12,"Michael Mayer",LV,"TE45","13","Coach Upside rating–No rating available","Coach Bust rating–No rating available","3 out of 5 stars","-95"
"347",12,"Xavier Hutchinson",HOU,"WR123","8","Coach Upside rating–No rating available","Coach Bust rating–No rating available","3 out of 5 stars","+22"
"348",12,"Joshua Palmer",BUF,"WR124","7","Coach Upside rating–No rating available","Coach Bust rating–No rating available","4 out of 5 stars","-24"
"349",12,"Nick Chubb",FA,"RB103","-","Coach Upside rating–No rating available","Coach Bust rating–No rating available","-","-"
"350",12,"Dawson Knox",BUF,"TE46","7","Coach Upside rating–No rating available","Coach Bust rating–No rating available","3 out of 5 stars","-74"
"351",12,"Ja'Tavion Sanders",CAR,"TE47","5","Coach Upside rating–No rating available","Coach Bust rating–No rating available","2 out of 5 stars","-78"
"352",12,"Jawhar Jordan",HOU,"RB104","8","Coach Upside rating–No rating available","Coach Bust rating–No rating available","4 out of 5 stars","-"
"353",12,"Bryce Lance",NO,"WR125","8","Coach Upside rating","Coach Bust rating","3 out of 5 stars","-53"
"354",12,"Eli Heidenreich",PIT,"RB105","9","Coach Upside rating","Coach Bust rating","2 out of 5 stars","-43"
"355",12,"Carson Beck",ARI,"QB38","14","Coach Upside rating","Coach Bust rating","2 out of 5 stars","-96"
"356",12,"Brenen Thompson",LAC,"WR126","7","Coach Upside rating","Coach Bust rating","2 out of 5 stars","-72"
"357",12,"Michael Carter",TEN,"RB106","9","Coach Upside rating–No rating available","Coach Bust rating–No rating available","3 out of 5 stars","-"
"358",12,"Ty Simpson",LAR,"QB39","11","Coach Upside rating","Coach Bust rating","3 out of 5 stars","-43"
"359",12,"John Metchie III",CAR,"WR127","5","Coach Upside rating–No rating available","Coach Bust rating–No rating available","2 out of 5 stars","-21"
"360",12,"Kendrick Bourne",ARI,"WR128","14","Coach Upside rating–No rating available","Coach Bust rating–No rating available","2 out of 5 stars","-79"
"361",12,"Treylon Burks",WAS,"WR129","7","Coach Upside rating–No rating available","Coach Bust rating–No rating available","2 out of 5 stars","-60"
"362",12,"Justin Fields",KC,"QB40","5","Coach Upside rating–No rating available","Coach Bust rating–No rating available","2 out of 5 stars","-107"
"363",12,"DeMario Douglas",NE,"WR130","11","Coach Upside rating–No rating available","Coach Bust rating–No rating available","2 out of 5 stars","-29"
"364",12,"Nick Westbrook-Ikhine",IND,"WR131","13","Coach Upside rating–No rating available","Coach Bust rating–No rating available","4 out of 5 stars","-55"
"365",12,"Raheim Sanders",CLE,"RB107","11","Coach Upside rating–No rating available","Coach Bust rating–No rating available","3 out of 5 stars","-"
"366",12,"Austin Ekeler",FA,"RB108","-","Coach Upside rating–No rating available","Coach Bust rating–No rating available","-","-128"
"367",12,"Kalif Raymond",CHI,"WR132","10","Coach Upside rating–No rating available","Coach Bust rating–No rating available","3 out of 5 stars","-59"
"368",12,"Zavion Thomas",CHI,"WR133","10","Coach Upside rating","Coach Bust rating","3 out of 5 stars","-105"
"369",12,"Jaylin Lane",WAS,"WR134","7","Coach Upside rating–No rating available","Coach Bust rating–No rating available","2 out of 5 stars","-37"
"370",12,"Dallas Cowboys",DAL,"DST23","14","Coach Upside rating–No rating available","Coach Bust rating–No rating available","1 out of 5 stars","-"
"371",12,"Anthony Richardson Sr.",IND,"QB41","13","Coach Upside rating–No rating available","Coach Bust rating–No rating available","4 out of 5 stars","-72"
"372",12,"Justin Joly",DEN,"TE48","10","Coach Upside rating","Coach Bust rating","4 out of 5 stars","-74"
"373",12,"KaVontae Turpin",DAL,"WR135","14","Coach Upside rating–No rating available","Coach Bust rating–No rating available","2 out of 5 stars","-70"
"374",12,"Noah Fant",NO,"TE49","8","Coach Upside rating–No rating available","Coach Bust rating–No rating available","2 out of 5 stars","-3"
"375",12,"Savion Williams",GB,"WR136","11","Coach Upside rating–No rating available","Coach Bust rating–No rating available","5 out of 5 stars","-90"
"376",13,"Kevin Coleman Jr.",MIA,"WR137","6","Coach Upside rating–No rating available","Coach Bust rating–No rating available","3 out of 5 stars","-71"
"377",13,"Tyler Bass",BUF,"K19","7","Coach Upside rating–No rating available","Coach Bust rating–No rating available","2 out of 5 stars","-"
"378",13,"Zane Gonzalez",MIA,"K20","6","Coach Upside rating–No rating available","Coach Bust rating–No rating available","2 out of 5 stars","-"
"379",13,"Eli Raridon",NE,"TE50","11","Coach Upside rating","Coach Bust rating","4 out of 5 stars","-87"
"380",13,"Phil Mafah",DAL,"RB109","14","Coach Upside rating–No rating available","Coach Bust rating–No rating available","4 out of 5 stars","-23"
"381",13,"Tutu Atwell",MIA,"WR138","6","Coach Upside rating–No rating available","Coach Bust rating–No rating available","3 out of 5 stars","-39"
"382",13,"Luke Musgrave",GB,"TE51","11","Coach Upside rating–No rating available","Coach Bust rating–No rating available","2 out of 5 stars","-45"
"383",13,"Ben Sinnott",WAS,"TE52","7","Coach Upside rating–No rating available","Coach Bust rating–No rating available","1 out of 5 stars","-57"
"384",13,"Cincinnati Bengals",CIN,"DST24","6","Coach Upside rating–No rating available","Coach Bust rating–No rating available","4 out of 5 stars","-"
"385",13,"Deion Burks",IND,"WR139","13","Coach Upside rating","Coach Bust rating","4 out of 5 stars","-35"
"386",13,"Tommy Myers",FA,"TE53","-","Coach Upside rating–No rating available","Coach Bust rating–No rating available","-","-"
"387",13,"Dameon Pierce",PHI,"RB110","10","Coach Upside rating–No rating available","Coach Bust rating–No rating available","4 out of 5 stars","-"
"388",13,"New York Giants",NYG,"DST25","8","Coach Upside rating–No rating available","Coach Bust rating–No rating available","1 out of 5 stars","-"
"389",13,"Jordan Whittington",LAR,"WR140","11","Coach Upside rating–No rating available","Coach Bust rating–No rating available","1 out of 5 stars","-36"
"390",13,"Darren Waller",FA,"TE54","-","Coach Upside rating–No rating available","Coach Bust rating–No rating available","-","-60"
"391",13,"Tommy Tremble",CAR,"TE55","5","Coach Upside rating–No rating available","Coach Bust rating–No rating available","2 out of 5 stars","-44"
"392",13,"Terrell Jennings",NE,"RB111","11","Coach Upside rating–No rating available","Coach Bust rating–No rating available","2 out of 5 stars","-"
"393",13,"John Bates",WAS,"TE56","7","Coach Upside rating–No rating available","Coach Bust rating–No rating available","1 out of 5 stars","-"
"394",13,"Jake Elliott",PHI,"K21","10","Coach Upside rating–No rating available","Coach Bust rating–No rating available","5 out of 5 stars","-"
"395",13,"Jonnu Smith",FA,"TE57","-","Coach Upside rating–No rating available","Coach Bust rating–No rating available","-","-"
"396",13,"Mitchell Evans",CAR,"TE58","5","Coach Upside rating–No rating available","Coach Bust rating–No rating available","2 out of 5 stars","-51"
"397",13,"Daniel Bellinger",TEN,"TE59","9","Coach Upside rating–No rating available","Coach Bust rating–No rating available","3 out of 5 stars","-27"
"398",13,"Cyrus Allen",KC,"WR141","5","Coach Upside rating","Coach Bust rating","2 out of 5 stars","-94"
"399",13,"CJ Daniels",LAR,"WR142","11","Coach Upside rating","Coach Bust rating","1 out of 5 stars","-31"
"400",13,"Tyler Lockett",LV,"WR143","13","Coach Upside rating–No rating available","Coach Bust rating–No rating available","2 out of 5 stars","-"
"401",13,"Blake Grupe",IND,"K22","13","Coach Upside rating–No rating available","Coach Bust rating–No rating available","4 out of 5 stars","-"
"402",13,"Jam Miller",NE,"RB112","11","Coach Upside rating","Coach Bust rating","2 out of 5 stars","-"
"403",13,"Erick All Jr.",CIN,"TE60","6","Coach Upside rating–No rating available","Coach Bust rating–No rating available","3 out of 5 stars","-110"
"404",13,"Antonio Gibson",FA,"RB113","-","Coach Upside rating–No rating available","Coach Bust rating–No rating available","-","-"
"405",13,"Tampa Bay Buccaneers",TB,"DST26","10","Coach Upside rating–No rating available","Coach Bust rating–No rating available","4 out of 5 stars","-"
"406",13,"Joe Flacco",CIN,"QB42","6","Coach Upside rating–No rating available","Coach Bust rating–No rating available","3 out of 5 stars","-66"
"407",13,"Miami Dolphins",MIA,"DST27","6","Coach Upside rating–No rating available","Coach Bust rating–No rating available","3 out of 5 stars","-"
"408",13,"Austin Hooper",ATL,"TE61","11","Coach Upside rating–No rating available","Coach Bust rating–No rating available","3 out of 5 stars","-"
"409",13,"Rasheen Ali",BAL,"RB114","13","Coach Upside rating–No rating available","Coach Bust rating–No rating available","3 out of 5 stars","-"
"410",13,"Roschon Johnson",CHI,"RB115","10","Coach Upside rating–No rating available","Coach Bust rating–No rating available","2 out of 5 stars","-2"
"411",13,"Zach Ertz",FA,"TE62","-","Coach Upside rating–No rating available","Coach Bust rating–No rating available","-","+4"
"412",13,"DeAndre Hopkins",BAL,"WR144","13","Coach Upside rating–No rating available","Coach Bust rating–No rating available","4 out of 5 stars","-49"
"413",13,"Marcus Mariota",WAS,"QB43","7","Coach Upside rating–No rating available","Coach Bust rating–No rating available","2 out of 5 stars","-24"
"414",13,"Greg Dortch",DET,"WR145","6","Coach Upside rating–No rating available","Coach Bust rating–No rating available","4 out of 5 stars","-119"
"415",13,"Chad Ryland",ARI,"K23","14","Coach Upside rating–No rating available","Coach Bust rating–No rating available","2 out of 5 stars","-"
"416",13,"Josh Oliver",MIN,"TE63","6","Coach Upside rating–No rating available","Coach Bust rating–No rating available","4 out of 5 stars","-36"
"417",13,"Elijah Higgins",ARI,"TE64","14","Coach Upside rating–No rating available","Coach Bust rating–No rating available","2 out of 5 stars","-"
"418",13,"Joe Milton III",DAL,"QB44","14","Coach Upside rating–No rating available","Coach Bust rating–No rating available","2 out of 5 stars","-24"
"419",13,"Damien Martinez",GB,"RB116","11","Coach Upside rating–No rating available","Coach Bust rating–No rating available","4 out of 5 stars","-18"
"420",13,"Tennessee Titans",TEN,"DST28","9","Coach Upside rating–No rating available","Coach Bust rating–No rating available","2 out of 5 stars","-"
"421",13,"Dyami Brown",WAS,"WR146","7","Coach Upside rating–No rating available","Coach Bust rating–No rating available","2 out of 5 stars","-105"
"422",13,"Mitch Tinsley",CIN,"WR147","6","Coach Upside rating–No rating available","Coach Bust rating–No rating available","4 out of 5 stars","-11"
"423",13,"Jeremy McNichols",WAS,"RB117","7","Coach Upside rating–No rating available","Coach Bust rating–No rating available","4 out of 5 stars","-"
"424",13,"Raheem Mostert",LV,"RB118","13","Coach Upside rating–No rating available","Coach Bust rating–No rating available","2 out of 5 stars","-"
"425",13,"Jameis Winston",NYG,"QB45","8","Coach Upside rating–No rating available","Coach Bust rating–No rating available","4 out of 5 stars","-129"
"426",13,"Marlin Klein",HOU,"TE65","8","Coach Upside rating","Coach Bust rating","4 out of 5 stars","-77"
"427",13,"Dylan Laube",LV,"RB119","13","Coach Upside rating–No rating available","Coach Bust rating–No rating available","2 out of 5 stars","-"
"428",13,"Brittain Brown",CHI,"RB120","10","Coach Upside rating–No rating available","Coach Bust rating–No rating available","2 out of 5 stars","-"
"429",13,"Devontez Walker",BAL,"WR148","13","Coach Upside rating–No rating available","Coach Bust rating–No rating available","4 out of 5 stars","-155"
"430",13,"Khalil Herbert",FA,"RB121","-","Coach Upside rating–No rating available","Coach Bust rating–No rating available","-","-"
"431",13,"Trey Smack",GB,"K24","11","Coach Upside rating–No rating available","Coach Bust rating–No rating available","4 out of 5 stars","-"
"432",13,"Luke Schoonmaker",DAL,"TE66","14","Coach Upside rating–No rating available","Coach Bust rating–No rating available","2 out of 5 stars","-"
"433",13,"Ashton Dulin",IND,"WR149","13","Coach Upside rating–No rating available","Coach Bust rating–No rating available","4 out of 5 stars","-116"
"434",13,"Brandin Cooks",FA,"WR150","-","Coach Upside rating–No rating available","Coach Bust rating–No rating available","-","-"
"435",13,"Ty Chandler",NO,"RB122","8","Coach Upside rating–No rating available","Coach Bust rating–No rating available","3 out of 5 stars","-"
"436",13,"Elijah Mitchell",PHI,"RB123","10","Coach Upside rating–No rating available","Coach Bust rating–No rating available","4 out of 5 stars","-36"
"437",13,"Adam Trautman",DEN,"TE67","10","Coach Upside rating–No rating available","Coach Bust rating–No rating available","4 out of 5 stars","-"
"438",13,"Jackson Hawes",BUF,"TE68","7","Coach Upside rating–No rating available","Coach Bust rating–No rating available","3 out of 5 stars","-94"
"439",13,"Demarcus Robinson",SF,"WR151","8","Coach Upside rating–No rating available","Coach Bust rating–No rating available","2 out of 5 stars","-63"
"440",13,"Jordan Waters",LAR,"RB124","11","Coach Upside rating–No rating available","Coach Bust rating–No rating available","5 out of 5 stars","-"
"441",13,"Ameer Abdullah",JAC,"RB125","7","Coach Upside rating–No rating available","Coach Bust rating–No rating available","4 out of 5 stars","-"
"442",13,"AJ Dillon",CAR,"RB126","5","Coach Upside rating–No rating available","Coach Bust rating–No rating available","1 out of 5 stars","-"
"443",13,"Miles Sanders",FA,"RB127","-","Coach Upside rating–No rating available","Coach Bust rating–No rating available","-","-"
"444",13,"Jaydn Ott",KC,"RB128","5","Coach Upside rating","Coach Bust rating","3 out of 5 stars","-"
"445",13,"Kyle Juszczyk",SF,"RB129","8","Coach Upside rating–No rating available","Coach Bust rating–No rating available","2 out of 5 stars","-"
"446",13,"Brock Wright",DET,"TE69","6","Coach Upside rating–No rating available","Coach Bust rating–No rating available","3 out of 5 stars","-"
"447",13,"Elijah Moore",PHI,"WR152","10","Coach Upside rating–No rating available","Coach Bust rating–No rating available","4 out of 5 stars","-"
"448",13,"Malik Benson",LV,"WR153","13","Coach Upside rating","Coach Bust rating","2 out of 5 stars","-151"
"449",13,"Jaret Patterson",LAC,"RB130","7","Coach Upside rating–No rating available","Coach Bust rating–No rating available","3 out of 5 stars","-"
"450",13,"Robert Henry Jr.",WAS,"RB131","7","Coach Upside rating","Coach Bust rating","4 out of 5 stars","-89"
"451",13,"Xavier Smith",LAR,"WR154","11","Coach Upside rating–No rating available","Coach Bust rating–No rating available","1 out of 5 stars","-"
"452",13,"Jahdae Walker",CHI,"WR155","10","Coach Upside rating–No rating available","Coach Bust rating–No rating available","3 out of 5 stars","-125"
"453",13,"Zavier Scott",MIN,"RB132","6","Coach Upside rating–No rating available","Coach Bust rating–No rating available","4 out of 5 stars","-55"
"454",13,"Matt Hibner",BAL,"TE70","13","Coach Upside rating","Coach Bust rating","4 out of 5 stars","-108"
"455",13,"Ronnie Rivers",LAR,"RB133","11","Coach Upside rating–No rating available","Coach Bust rating–No rating available","5 out of 5 stars","-"
"456",14,"Roman Wilson",PIT,"WR156","9","Coach Upside rating–No rating available","Coach Bust rating–No rating available","3 out of 5 stars","-105"
"457",14,"Colbie Young",CIN,"WR157","6","Coach Upside rating","Coach Bust rating","4 out of 5 stars","-151"
"458",14,"Hunter Renfrow",FA,"WR158","-","Coach Upside rating–No rating available","Coach Bust rating–No rating available","-","-"
"459",14,"Cam Akers",FA,"RB134","-","Coach Upside rating–No rating available","Coach Bust rating–No rating available","-","-"
"460",14,"Myles Montgomery",NE,"RB135","11","Coach Upside rating–No rating available","Coach Bust rating–No rating available","2 out of 5 stars","-"
"461",14,"Dante Miller",NYG,"RB136","8","Coach Upside rating–No rating available","Coach Bust rating–No rating available","4 out of 5 stars","-"
"462",14,"Sterling Shepard",FA,"WR159","-","Coach Upside rating–No rating available","Coach Bust rating–No rating available","-","-"
"463",14,"Cade Klubnik",NYJ,"QB46","13","Coach Upside rating","Coach Bust rating","4 out of 5 stars","-156"
"464",14,"Zay Jones",FA,"WR160","-","Coach Upside rating–No rating available","Coach Bust rating–No rating available","-","-"
"465",14,"Riley Leonard",IND,"QB47","13","Coach Upside rating–No rating available","Coach Bust rating–No rating available","4 out of 5 stars","-"
"466",14,"Washington Commanders",WAS,"DST29","7","Coach Upside rating–No rating available","Coach Bust rating–No rating available","2 out of 5 stars","-"
"467",14,"Tyler Goodson",ATL,"RB137","11","Coach Upside rating–No rating available","Coach Bust rating–No rating available","2 out of 5 stars","-"
"468",14,"Nick Folk",ATL,"K25","11","Coach Upside rating–No rating available","Coach Bust rating–No rating available","0 out of 5 stars","-"
"469",14,"Tanner Hudson",CIN,"TE71","6","Coach Upside rating–No rating available","Coach Bust rating–No rating available","3 out of 5 stars","-"
"470",14,"Ronnie Bell",NO,"WR161","8","Coach Upside rating–No rating available","Coach Bust rating–No rating available","3 out of 5 stars","-"
"471",14,"Salvon Ahmed",CHI,"RB138","10","Coach Upside rating–No rating available","Coach Bust rating–No rating available","2 out of 5 stars","-"
"472",14,"Josh Reynolds",FA,"WR162","-","Coach Upside rating–No rating available","Coach Bust rating–No rating available","-","-"
"473",14,"Gardner Minshew II",ARI,"QB48","14","Coach Upside rating–No rating available","Coach Bust rating–No rating available","2 out of 5 stars","-101"
"474",14,"Nate Boerkircher",JAC,"TE72","7","Coach Upside rating","Coach Bust rating","3 out of 5 stars","-87"
"475",14,"Tai Felton",MIN,"WR163","6","Coach Upside rating–No rating available","Coach Bust rating–No rating available","5 out of 5 stars","-91"
"476",14,"Brandon McManus",FA,"K26","-","Coach Upside rating–No rating available","Coach Bust rating–No rating available","-","-"
"477",14,"Will Kacmarek",MIA,"TE73","6","Coach Upside rating","Coach Bust rating","5 out of 5 stars","-"
"478",14,"Charlie Kolar",LAC,"TE74","7","Coach Upside rating–No rating available","Coach Bust rating–No rating available","4 out of 5 stars","-213"
"479",14,"Kalel Mullings",TEN,"RB139","9","Coach Upside rating–No rating available","Coach Bust rating–No rating available","3 out of 5 stars","-"
"480",14,"Ben Sauls",NYG,"K27","8","Coach Upside rating–No rating available","Coach Bust rating–No rating available","2 out of 5 stars","-"
"481",14,"Tim Patrick",NYJ,"WR164","13","Coach Upside rating–No rating available","Coach Bust rating–No rating available","4 out of 5 stars","-84"
"482",14,"Clyde Edwards-Helaire",FA,"RB140","-","Coach Upside rating–No rating available","Coach Bust rating–No rating available","-","-"
"483",14,"Julian Hill",NE,"TE75","11","Coach Upside rating–No rating available","Coach Bust rating–No rating available","4 out of 5 stars","-"
"484",14,"Frank Gore Jr.",BUF,"RB141","7","Coach Upside rating–No rating available","Coach Bust rating–No rating available","2 out of 5 stars","-"
"485",14,"Donovan Edwards",MIA,"RB142","6","Coach Upside rating–No rating available","Coach Bust rating–No rating available","3 out of 5 stars","-"
"486",14,"Chip Trayanum",NYJ,"RB143","13","Coach Upside rating","Coach Bust rating","3 out of 5 stars","-"
"487",14,"Xavier Restrepo",TEN,"WR165","9","Coach Upside rating–No rating available","Coach Bust rating–No rating available","3 out of 5 stars","-"
"488",14,"Kevin Austin Jr.",NO,"WR166","8","Coach Upside rating–No rating available","Coach Bust rating–No rating available","3 out of 5 stars","-"
"489",14,"Quinn Ewers",MIA,"QB49","6","Coach Upside rating–No rating available","Coach Bust rating–No rating available","3 out of 5 stars","-96"
"490",14,"Albert Okwuegbunam Jr.",LV,"TE76","13","Coach Upside rating–No rating available","Coach Bust rating–No rating available","3 out of 5 stars","-"
"491",14,"Max Bredeson",MIN,"RB144","6","Coach Upside rating","Coach Bust rating","4 out of 5 stars","-"
"492",14,"Sione Vaki",DET,"RB145","6","Coach Upside rating–No rating available","Coach Bust rating–No rating available","5 out of 5 stars","-88"
"493",14,"Sam Roush",CHI,"TE77","10","Coach Upside rating","Coach Bust rating","2 out of 5 stars","-119"
"494",14,"Durham Smythe",BAL,"TE78","13","Coach Upside rating–No rating available","Coach Bust rating–No rating available","4 out of 5 stars","-"
"495",14,"JuJu Smith-Schuster",NYG,"WR167","8","Coach Upside rating–No rating available","Coach Bust rating–No rating available","4 out of 5 stars","-117"
"496",14,"Jack Endries",CIN,"TE79","6","Coach Upside rating","Coach Bust rating","3 out of 5 stars","-130"
"497",14,"Hunter Luepke",DAL,"RB146","14","Coach Upside rating–No rating available","Coach Bust rating–No rating available","4 out of 5 stars","-"
"498",14,"Michael Burton",CLE,"RB147","11","Coach Upside rating–No rating available","Coach Bust rating–No rating available","3 out of 5 stars","-"
"499",14,"Alec Ingold",LAC,"RB148","7","Coach Upside rating–No rating available","Coach Bust rating–No rating available","3 out of 5 stars","-"
"500",14,"Diontae Johnson",FA,"WR168","-","Coach Upside rating–No rating available","Coach Bust rating–No rating available","-","-"
"501",14,"Drew Sample",CIN,"TE80","6","Coach Upside rating–No rating available","Coach Bust rating–No rating available","3 out of 5 stars","-122"
"502",14,"Mo Alie-Cox",IND,"TE81","13","Coach Upside rating–No rating available","Coach Bust rating–No rating available","3 out of 5 stars","-"
"503",14,"Russell Gage Jr.",FA,"WR169","-","Coach Upside rating–No rating available","Coach Bust rating–No rating available","-","-"
"504",14,"Joey Slye",TEN,"K28","9","Coach Upside rating–No rating available","Coach Bust rating–No rating available","4 out of 5 stars","-"
"505",14,"Desmond Reid",FA,"RB149","-","Coach Upside rating","Coach Bust rating","-","-"
"506",14,"Myles Gaskin",FA,"RB150","-","Coach Upside rating–No rating available","Coach Bust rating–No rating available","-","-"
"507",14,"Pierre Strong Jr.",GB,"RB151","11","Coach Upside rating–No rating available","Coach Bust rating–No rating available","4 out of 5 stars","-"
"508",14,"Patrick Ricard",NYG,"RB152","8","Coach Upside rating–No rating available","Coach Bust rating–No rating available","4 out of 5 stars","-"
"509",14,"Odell Beckham Jr.",NYG,"WR170","8","Coach Upside rating–No rating available","Coach Bust rating–No rating available","4 out of 5 stars","-195"
"510",14,"Tyler Conklin",DET,"TE82","6","Coach Upside rating–No rating available","Coach Bust rating–No rating available","3 out of 5 stars","-"
"511",14,"Nate Adkins",DEN,"TE83","10","Coach Upside rating–No rating available","Coach Bust rating–No rating available","4 out of 5 stars","-"
"512",14,"Adam Prentice",DEN,"RB153","10","Coach Upside rating–No rating available","Coach Bust rating–No rating available","2 out of 5 stars","-"
"513",14,"Quez Watkins",PHI,"WR171","10","Coach Upside rating–No rating available","Coach Bust rating–No rating available","4 out of 5 stars","-"
"514",14,"Will Dissly",FA,"TE84","-","Coach Upside rating–No rating available","Coach Bust rating–No rating available","-","-"
"515",14,"Mecole Hardman Jr.",BUF,"WR172","7","Coach Upside rating–No rating available","Coach Bust rating–No rating available","4 out of 5 stars","-"
"516",14,"Van Jefferson",WAS,"WR173","7","Coach Upside rating–No rating available","Coach Bust rating–No rating available","2 out of 5 stars","-143"
"517",14,"Moliki Matavao",NO,"TE85","8","Coach Upside rating–No rating available","Coach Bust rating–No rating available","2 out of 5 stars","-"
"518",14,"Jacob Saylors",DET,"RB154","6","Coach Upside rating–No rating available","Coach Bust rating–No rating available","5 out of 5 stars","-"
"519",14,"Braxton Berrios",NYG,"WR174","8","Coach Upside rating–No rating available","Coach Bust rating–No rating available","4 out of 5 stars","-"
"520",14,"Lil'Jordan Humphrey",DEN,"WR175","10","Coach Upside rating–No rating available","Coach Bust rating–No rating available","2 out of 5 stars","-"
"521",14,"Will Mallory",IND,"TE86","13","Coach Upside rating–No rating available","Coach Bust rating–No rating available","3 out of 5 stars","-"
"522",14,"Tanner Koziol",JAC,"TE87","7","Coach Upside rating","Coach Bust rating","3 out of 5 stars","-197"
"523",14,"Xavier Weaver",ARI,"WR176","14","Coach Upside rating–No rating available","Coach Bust rating–No rating available","2 out of 5 stars","-"
"524",14,"Jordan Akins",FA,"TE88","-","Coach Upside rating–No rating available","Coach Bust rating–No rating available","-","-"
"525",15,"Michael Trigg",DAL,"TE89","14","Coach Upside rating","Coach Bust rating","2 out of 5 stars","-182"
"526",15,"Isaiah Hodgins",NYG,"WR177","8","Coach Upside rating–No rating available","Coach Bust rating–No rating available","4 out of 5 stars","-"
"527",15,"Casey Washington",FA,"WR178","-","Coach Upside rating–No rating available","Coach Bust rating–No rating available","-","-"
"528",15,"Zamir White",LV,"RB155","13","Coach Upside rating–No rating available","Coach Bust rating–No rating available","2 out of 5 stars","-"
"529",15,"Trey Sermon",FA,"RB156","-","Coach Upside rating–No rating available","Coach Bust rating–No rating available","-","-"
"530",15,"Reggie Gilliam",NE,"RB157","11","Coach Upside rating–No rating available","Coach Bust rating–No rating available","2 out of 5 stars","-"
"531",15,"Tyler Badie",DEN,"RB158","10","Coach Upside rating–No rating available","Coach Bust rating–No rating available","2 out of 5 stars","-"
"532",15,"Julius Chestnut",TEN,"RB159","9","Coach Upside rating–No rating available","Coach Bust rating–No rating available","3 out of 5 stars","-"
"533",15,"Marquez Valdes-Scantling",DAL,"WR179","14","Coach Upside rating–No rating available","Coach Bust rating–No rating available","2 out of 5 stars","-"
"534",15,"Skyy Moore",GB,"WR180","11","Coach Upside rating–No rating available","Coach Bust rating–No rating available","5 out of 5 stars","-224"
"535",15,"Cedrick Wilson Jr.",DET,"WR181","6","Coach Upside rating–No rating available","Coach Bust rating–No rating available","4 out of 5 stars","-"
"536",16,"Jack Stoll",CLE,"TE90","11","Coach Upside rating–No rating available","Coach Bust rating–No rating available","3 out of 5 stars","-"
"537",16,"Velus Jones Jr.",SEA,"WR182","11","Coach Upside rating–No rating available","Coach Bust rating–No rating available","3 out of 5 stars","-"
"538",16,"Kendrick Law",DET,"WR183","6","Coach Upside rating","Coach Bust rating","4 out of 5 stars","-"
"539",16,"Anthony Gould",IND,"WR184","13","Coach Upside rating–No rating available","Coach Bust rating–No rating available","4 out of 5 stars","-"